diff_count,semantic_issues,compile_success,risk_score,token_similarity,ast_similarity,structure_similarity,confidence
9,5,0,1,0.67,0.8,0.91,0.701
17,0,0,4,0.78,0.62,0.84,0.681
16,5,0,0,0.97,0.92,0.91,0.804
3,5,0,1,0.78,0.72,0.95,0.738
8,1,0,0,0.7,0.69,0.77,0.686
25,5,0,3,0.94,0.68,0.74,0.659
12,0,1,2,0.82,0.85,0.78,0.817
18,0,1,2,0.78,0.76,0.98,0.798
22,2,0,2,0.82,0.93,0.96,0.777
15,3,1,1,0.77,0.82,0.85,0.772
20,1,1,1,0.97,0.76,0.86,0.816
14,0,0,5,0.81,0.7,0.73,0.702
20,0,1,4,0.71,0.62,0.94,0.72
10,2,0,1,0.7,0.71,0.94,0.711
6,0,0,1,0.77,0.88,0.66,0.757
2,3,0,0,0.82,0.74,0.8,0.746
1,0,0,5,0.58,0.88,0.68,0.721
13,1,1,0,0.85,0.66,0.76,0.753
23,1,1,0,0.62,0.9,0.8,0.731
13,2,0,2,0.97,0.67,0.87,0.756
25,1,1,3,0.76,0.89,0.72,0.747
21,1,0,5,0.76,0.83,0.95,0.739
18,1,0,0,0.88,0.83,0.72,0.739
16,0,1,5,0.92,0.93,0.79,0.86
21,4,1,5,0.81,0.73,0.95,0.749
14,5,0,5,0.96,0.71,0.68,0.699
25,3,0,0,0.76,0.86,0.72,0.672
10,2,1,3,0.77,0.84,0.78,0.789
18,1,0,2,0.77,0.93,0.74,0.74
4,5,1,5,0.82,0.92,0.89,0.845
4,0,0,4,0.86,0.69,0.72,0.746
5,3,0,4,0.69,0.79,0.85,0.722
4,4,1,3,0.67,0.85,0.74,0.757
17,4,1,5,0.68,0.6,0.8,0.654
11,3,0,1,0.88,0.75,0.68,0.713
21,1,0,3,0.61,0.81,0.73,0.644
7,2,1,2,0.72,0.63,0.92,0.749
14,5,0,4,0.9,0.96,0.84,0.788
23,3,1,3,0.66,0.91,0.9,0.749
7,0,0,5,0.69,0.76,0.82,0.726
5,1,0,1,0.72,0.79,0.67,0.712
8,0,1,1,0.87,0.63,0.67,0.757
19,1,0,3,0.87,0.9,0.85,0.779
22,1,1,1,0.78,0.75,0.91,0.759
10,3,0,2,0.97,0.7,0.93,0.779
0,1,0,0,0.8,0.85,0.76,0.789
11,1,1,1,0.9,0.7,0.72,0.779
21,2,0,3,0.9,0.85,0.8,0.748
3,0,1,0,0.95,0.91,0.97,0.942
0,4,0,3,0.87,0.74,0.72,0.744
5,2,1,5,0.86,0.67,0.84,0.794
16,5,0,2,0.56,0.89,0.72,0.634
14,1,1,0,0.94,0.91,0.85,0.87
24,3,1,3,0.83,0.69,0.66,0.683
9,1,1,4,0.86,0.91,0.81,0.855
17,2,1,5,0.84,0.82,0.97,0.819
22,0,1,0,0.78,0.78,0.95,0.785
4,1,0,5,0.6,0.71,0.95,0.711
11,1,0,0,0.65,0.96,0.9,0.768
18,2,1,0,0.8,0.62,0.91,0.731
11,2,0,2,0.7,0.95,0.7,0.732
25,1,1,4,0.62,0.64,0.85,0.656
10,1,1,2,0.97,0.81,0.9,0.872
15,2,1,5,0.94,0.65,0.77,0.764
11,4,0,1,0.87,0.89,0.78,0.764
11,1,0,4,0.66,0.63,0.7,0.632
1,1,0,4,0.82,0.66,0.79,0.74
22,0,1,1,0.78,0.88,0.84,0.793
17,3,1,5,0.68,0.96,0.96,0.802
4,4,1,3,0.84,0.76,0.9,0.813
19,4,0,1,0.66,0.64,0.72,0.587
15,5,0,4,0.63,0.88,0.92,0.695
25,4,0,2,0.92,0.74,0.9,0.711
24,1,0,2,0.89,0.96,0.8,0.777
15,0,1,3,0.59,0.69,0.81,0.696
25,1,1,4,0.67,0.87,0.67,0.704
5,0,1,1,0.67,0.77,0.89,0.793
21,0,1,1,0.75,0.62,0.74,0.689
22,5,1,3,0.75,0.94,0.79,0.75
20,5,0,0,0.68,0.78,0.75,0.63
8,2,1,0,0.91,0.89,0.78,0.853
19,5,1,2,0.76,0.87,0.88,0.76
11,0,1,3,0.61,0.67,0.67,0.681
25,2,1,4,0.59,0.78,0.66,0.643
18,4,0,2,0.74,0.71,0.73,0.638
17,2,1,4,0.97,0.91,0.91,0.873
25,0,0,4,0.87,0.66,0.68,0.662
20,0,1,1,0.84,0.97,0.81,0.838
19,3,0,4,0.58,0.7,0.72,0.59
13,4,1,3,0.66,0.74,0.81,0.705
12,4,1,2,0.64,0.64,0.88,0.687
5,2,1,1,0.59,0.63,0.91,0.715
23,2,0,3,0.78,0.87,0.84,0.72
4,1,0,2,0.75,0.7,0.85,0.733
9,4,1,4,0.73,0.97,0.69,0.785
11,0,1,5,0.89,0.97,0.67,0.855
17,2,0,1,0.92,0.8,0.74,0.741
0,0,1,2,0.57,0.89,0.72,0.782
15,3,1,5,0.83,0.88,0.92,0.822
13,2,1,2,0.97,0.76,0.72,0.803
17,1,1,1,0.71,0.74,0.88,0.746
12,5,1,5,0.78,0.82,0.82,0.762
25,1,1,2,0.7,0.93,0.67,0.731
14,4,1,1,0.76,0.61,0.73,0.677
10,0,0,4,0.87,0.68,0.81,0.744
24,0,1,3,0.56,0.68,0.94,0.68
23,0,0,2,0.88,0.93,0.98,0.812
3,0,1,1,0.63,0.71,0.76,0.744
9,2,0,1,0.72,0.84,0.72,0.715
14,3,0,5,0.56,0.8,0.73,0.632
14,2,1,0,0.69,0.78,0.69,0.716
21,2,0,5,0.76,0.87,0.77,0.706
19,0,0,5,0.87,0.94,0.95,0.82
3,4,1,2,0.93,0.61,0.74,0.767
5,5,0,0,0.62,0.76,0.66,0.638
23,1,1,4,0.67,0.71,0.67,0.663
14,5,1,3,0.91,0.73,0.85,0.774
9,1,0,2,0.58,0.75,0.83,0.677
20,4,1,5,0.58,0.61,0.72,0.601
4,4,1,4,0.77,0.64,0.73,0.722
14,4,0,3,0.95,0.73,0.84,0.742
17,5,1,3,0.8,0.75,0.93,0.753
12,1,0,1,0.61,0.8,0.93,0.711
17,1,0,0,0.94,0.95,0.73,0.798
10,0,0,5,0.95,0.89,0.88,0.845
20,2,1,1,0.81,0.81,0.96,0.795
23,3,0,2,0.93,0.76,0.67,0.689
9,4,1,4,0.67,0.73,0.84,0.725
22,2,0,5,0.85,0.86,0.76,0.725
25,4,0,3,0.67,0.64,0.95,0.616
19,3,0,0,0.61,0.65,0.78,0.596
8,0,0,3,0.67,0.9,0.84,0.762
4,3,1,1,0.71,0.92,0.84,0.819
18,3,1,3,0.81,0.85,0.65,0.743
19,0,1,1,0.72,0.66,0.93,0.737
5,0,1,0,0.98,0.65,0.86,0.844
23,1,0,2,0.79,0.87,0.92,0.747
10,1,1,4,0.78,0.86,0.93,0.836
19,5,0,1,0.91,0.61,0.84,0.669
1,4,0,0,0.91,0.79,0.72,0.767
19,1,0,2,0.97,0.94,0.68,0.787
10,3,0,1,0.56,0.93,0.74,0.687
2,0,0,5,0.73,0.91,0.73,0.781
13,4,0,0,0.83,0.91,0.8,0.755
18,0,0,5,0.87,0.97,0.8,0.802
3,3,1,1,0.87,0.83,0.72,0.819
0,4,1,5,0.62,0.81,0.87,0.77
23,2,0,3,0.59,0.68,0.73,0.584
22,5,1,2,0.84,0.76,0.93,0.751
3,1,1,1,0.77,0.63,0.95,0.792
19,2,0,0,0.86,0.92,0.68,0.74
10,1,0,4,0.78,0.71,0.78,0.711
23,4,1,1,0.68,0.97,0.89,0.763
13,0,0,0,0.73,0.9,0.81,0.758
15,5,0,2,0.72,0.61,0.78,0.613
13,0,1,0,0.79,0.96,0.7,0.822
3,2,1,4,0.61,0.71,0.77,0.723
3,3,1,3,0.77,0.75,0.84,0.789
23,5,0,4,0.92,0.62,0.9,0.674
16,0,1,0,0.65,0.7,0.68,0.688
25,3,1,0,0.87,0.76,0.86,0.753
8,5,0,0,0.69,0.71,0.74,0.65
1,2,0,0,0.97,0.62,0.68,0.743
25,2,1,0,0.84,0.61,0.94,0.723
2,3,0,0,0.76,0.71,0.66,0.691
23,4,0,4,0.78,0.79,0.88,0.687
4,4,1,5,0.75,0.64,0.84,0.738
11,0,0,3,0.89,0.89,0.82,0.811
7,5,1,1,0.65,0.75,0.93,0.741
2,3,1,5,0.98,0.67,0.68,0.799
19,3,0,1,0.96,0.79,0.81,0.749
0,1,1,3,0.79,0.88,0.71,0.835
21,0,1,3,0.92,0.73,0.71,0.767
25,0,1,1,0.88,0.82,0.89,0.805
7,4,0,2,0.84,0.87,0.65,0.736
18,2,1,0,0.73,0.94,0.86,0.796
3,5,0,5,0.87,0.73,0.95,0.768
20,4,1,2,0.9,0.81,0.68,0.749
18,4,1,3,0.87,0.63,0.73,0.703
18,3,0,1,0.69,0.9,0.9,0.722
5,0,1,5,0.69,0.65,0.94,0.773
24,5,0,5,0.74,0.88,0.68,0.65
0,5,1,4,0.71,0.76,0.97,0.793
20,5,0,2,0.78,0.8,0.95,0.706
25,1,0,4,0.73,0.74,0.66,0.631
5,3,0,4,0.69,0.6,0.92,0.679
10,1,0,0,0.9,0.91,0.84,0.819
22,2,0,5,0.59,0.94,0.82,0.683
16,3,1,4,0.62,0.96,0.84,0.764
7,2,0,3,0.92,0.87,0.66,0.779
6,5,0,1,0.98,0.61,0.79,0.723
20,1,0,2,0.63,0.84,0.92,0.7
20,0,0,5,0.86,0.64,0.8,0.693
8,4,0,2,0.8,0.8,0.96,0.762
10,1,0,4,0.87,0.75,0.92,0.778
11,5,0,0,0.58,0.96,0.66,0.666
17,1,1,2,0.94,0.64,0.7,0.749
4,4,0,1,0.76,0.69,0.81,0.7
14,4,1,4,0.93,0.79,0.72,0.78
14,2,0,1,0.97,0.67,0.85,0.749
12,0,1,0,0.59,0.85,0.85,0.762
16,0,0,5,0.93,0.78,0.82,0.774
0,5,1,2,0.87,0.65,0.91,0.796
13,5,0,3,0.89,0.79,0.83,0.735
9,3,1,0,0.86,0.88,0.66,0.799
3,4,0,1,0.62,0.8,0.95,0.723
24,5,1,5,0.56,0.91,0.97,0.713
23,3,1,1,0.59,0.72,0.8,0.651
1,4,0,5,0.59,0.91,0.98,0.759
0,2,1,5,0.7,0.68,0.98,0.793
18,2,0,3,0.78,0.84,0.88,0.735
6,3,1,3,0.89,0.7,0.86,0.804
19,4,1,4,0.8,0.87,0.92,0.788
22,3,0,0,0.6,0.92,0.68,0.644
14,3,0,3,0.71,0.71,0.97,0.698
18,2,1,2,0.84,0.87,0.73,0.782
19,5,0,0,0.91,0.84,0.71,0.712
9,1,0,3,0.62,0.87,0.94,0.747
2,1,1,3,0.83,0.66,0.78,0.788
1,2,0,1,0.72,0.9,0.89,0.794
18,4,0,5,0.65,0.6,0.71,0.574
21,5,1,5,0.79,0.83,0.72,0.718
19,0,0,0,0.65,0.79,0.75,0.669
8,5,1,4,0.64,0.81,0.71,0.709
10,3,1,2,0.62,0.95,0.92,0.797
8,4,1,3,0.92,0.92,0.67,0.826
12,5,1,5,0.67,0.78,0.96,0.745
10,3,0,5,0.81,0.95,0.74,0.768
4,4,1,2,0.93,0.65,0.97,0.821
10,4,1,3,0.65,0.81,0.87,0.745
23,0,1,1,0.75,0.87,0.88,0.785
3,5,1,4,0.57,0.84,0.73,0.717
0,3,1,5,0.88,0.88,0.72,0.847
6,2,1,2,0.83,0.86,0.9,0.85
15,2,1,0,0.64,0.94,0.76,0.759
19,3,1,0,0.84,0.88,0.67,0.762
13,2,0,1,0.58,0.77,0.97,0.689
20,0,1,4,0.63,0.94,0.94,0.792
21,4,0,1,0.84,0.7,0.78,0.665
22,4,0,4,0.83,0.96,0.94,0.768
20,4,0,0,0.63,0.87,0.71,0.642
6,3,1,0,0.88,0.63,0.78,0.764
16,5,1,3,0.94,0.8,0.72,0.771
5,3,0,1,0.7,0.79,0.8,0.715
23,3,1,4,0.69,0.73,0.97,0.718
17,5,0,2,0.9,0.95,0.75,0.757
21,4,1,4,0.82,0.86,0.79,0.759
2,3,0,4,0.66,0.85,0.71,0.713
16,0,1,0,0.85,0.69,0.67,0.743
21,2,1,2,0.74,0.96,0.89,0.801
19,5,0,0,0.68,0.74,0.97,0.665
2,4,0,0,0.9,0.82,0.67,0.76
1,2,0,5,0.94,0.77,0.93,0.829
0,3,0,4,0.67,0.84,0.88,0.754
3,3,1,3,0.64,0.78,0.84,0.759
16,4,1,0,0.93,0.81,0.83,0.801
24,3,0,1,0.59,0.62,0.87,0.582
20,3,1,2,0.78,0.68,0.75,0.696
24,3,1,3,0.86,0.64,0.67,0.679
13,0,0,1,0.86,0.91,0.94,0.826
18,5,1,5,0.76,0.63,0.89,0.693
9,0,0,5,0.61,0.7,0.76,0.665
0,5,1,5,0.57,0.78,0.79,0.721
24,1,1,4,0.67,0.91,0.7,0.726
25,1,1,0,0.6,0.9,0.97,0.752
14,4,1,1,0.56,0.95,0.7,0.713
13,2,1,1,0.75,0.95,0.85,0.82
24,5,0,5,0.63,0.93,0.97,0.69
5,3,1,5,0.86,0.91,0.84,0.857
11,5,1,0,0.91,0.71,0.74,0.756
23,0,0,4,0.57,0.73,0.69,0.601
7,4,0,1,0.93,0.82,0.94,0.806
9,1,0,2,0.78,0.79,0.91,0.765
15,2,1,0,0.85,0.7,0.71,0.74
11,2,0,2,0.6,0.86,0.67,0.669
17,5,0,2,0.93,0.79,0.93,0.754
1,2,1,5,0.86,0.86,0.81,0.858
11,1,0,3,0.56,0.8,0.77,0.667
7,4,0,4,0.84,0.69,0.65,0.682
13,1,1,0,0.65,0.76,0.67,0.705
16,0,0,4,0.75,0.72,0.89,0.716
25,5,0,3,0.92,0.88,0.67,0.699
8,2,0,4,0.85,0.93,0.79,0.799
23,3,1,5,0.9,0.74,0.67,0.724
13,0,1,4,0.92,0.81,0.72,0.82
18,2,0,4,0.68,0.85,0.78,0.688
12,4,0,4,0.82,0.93,0.76,0.754
1,3,1,4,0.85,0.74,0.97,0.843
9,0,0,5,0.98,0.6,0.71,0.736
10,2,1,5,0.58,0.89,0.75,0.741
8,1,1,3,0.65,0.8,0.89,0.778
19,4,1,4,0.76,0.82,0.86,0.749
22,1,1,1,0.81,0.77,0.9,0.772
15,0,0,5,0.97,0.87,0.89,0.83
18,4,0,1,0.62,0.92,0.71,0.661
5,5,0,4,0.71,0.81,0.67,0.682
10,4,1,1,0.73,0.87,0.76,0.765
4,0,1,2,0.55,0.68,0.77,0.71
5,2,0,5,0.96,0.81,0.96,0.84
21,3,0,1,0.82,0.89,0.66,0.7
16,5,1,0,0.7,0.66,0.9,0.693
22,3,1,1,0.59,0.85,0.85,0.704
17,3,0,5,0.73,0.63,0.9,0.656
19,5,0,4,0.63,0.78,0.95,0.658
25,0,1,0,0.77,0.72,0.69,0.702
10,5,0,1,0.64,0.63,0.69,0.594
14,3,1,1,0.94,0.7,0.87,0.794
5,2,0,0,0.71,0.7,0.71,0.682
10,2,1,4,0.76,0.75,0.94,0.791
25,3,0,0,0.68,0.69,0.89,0.631
12,1,1,1,0.72,0.71,0.87,0.755
13,5,0,2,0.72,0.91,0.73,0.7
25,3,0,0,0.76,0.74,0.74,0.64
1,2,1,4,0.79,0.83,0.82,0.83
22,2,1,4,0.73,0.83,0.84,0.746
23,0,1,5,0.74,0.69,0.85,0.722
7,3,0,4,0.75,0.88,0.68,0.727
14,0,1,5,0.7,0.79,0.93,0.786
6,1,0,3,0.56,0.77,0.98,0.717
18,2,0,2,0.91,0.65,0.73,0.687
20,3,0,4,0.75,0.81,0.75,0.676
7,4,0,2,0.92,0.87,0.89,0.808
17,5,0,0,0.68,0.82,0.85,0.672
13,3,0,0,0.75,0.89,0.7,0.714
25,0,1,1,0.69,0.92,0.81,0.762
23,0,1,4,0.95,0.9,0.82,0.842
13,4,0,4,0.56,0.86,0.95,0.689
20,0,0,3,0.97,0.74,0.78,0.752
11,1,0,2,0.97,0.82,0.68,0.778
25,1,1,1,0.6,0.65,0.74,0.631
1,3,0,2,0.83,0.87,0.78,0.788
7,1,1,2,0.63,0.81,0.65,0.73
21,5,1,1,0.7,0.86,0.92,0.74
19,1,1,2,0.94,0.72,0.96,0.818
6,4,0,3,0.86,0.64,0.84,0.715
9,4,1,5,0.85,0.68,0.84,0.764
15,3,0,3,0.61,0.94,0.89,0.718
12,5,1,4,0.75,0.75,0.82,0.732
4,4,0,4,0.7,0.65,0.84,0.676
5,2,1,0,0.97,0.75,0.76,0.835
17,3,0,2,0.84,0.78,0.85,0.724
12,5,0,5,0.9,0.82,0.72,0.728
19,4,0,3,0.58,0.77,0.78,0.614
14,5,0,5,0.74,0.95,0.73,0.715
21,1,0,0,0.89,0.93,0.7,0.758
10,3,0,2,0.62,0.91,0.91,0.733
4,3,1,5,0.91,0.69,0.89,0.82
16,1,1,2,0.78,0.9,0.94,0.83
18,4,1,1,0.97,0.74,0.92,0.804
9,1,1,0,0.62,0.97,0.85,0.809
13,1,1,4,0.66,0.8,0.82,0.75
10,3,0,1,0.92,0.84,0.83,0.786
7,5,1,5,0.73,0.73,0.75,0.723
14,4,1,4,0.87,0.7,0.71,0.733
24,3,0,2,0.93,0.79,0.84,0.729
20,1,1,2,0.84,0.76,0.88,0.781
13,5,1,3,0.71,0.88,0.73,0.738
15,3,1,5,0.68,0.64,0.96,0.713
9,1,1,0,0.97,0.85,0.95,0.898
10,1,0,4,0.93,0.63,0.85,0.746
20,4,0,4,0.87,0.86,0.87,0.743
15,1,1,0,0.84,0.86,0.74,0.8
15,2,1,5,0.72,0.88,0.74,0.761
15,3,0,2,0.7,0.77,0.92,0.7
17,0,1,2,0.55,0.94,0.71,0.732
1,2,0,1,0.84,0.67,0.74,0.731
8,3,1,5,0.69,0.92,0.87,0.805
7,5,0,0,0.68,0.82,0.82,0.699
11,4,1,5,0.97,0.65,0.77,0.77
10,0,1,5,0.71,0.67,0.82,0.745
21,3,1,5,0.95,0.68,0.66,0.726
18,5,0,3,0.69,0.75,0.78,0.636
5,5,0,5,0.8,0.74,0.89,0.732
11,2,1,5,0.64,0.82,0.8,0.745
15,4,1,5,0.96,0.92,0.83,0.847
24,0,0,0,0.71,0.77,0.88,0.69
21,5,0,0,0.79,0.9,0.91,0.727
15,4,0,3,0.86,0.92,0.7,0.741
10,0,0,5,0.63,0.9,0.82,0.74
10,4,0,5,0.8,0.77,0.81,0.716
4,3,0,2,0.83,0.75,0.7,0.726
2,3,0,3,0.81,0.74,0.85,0.753
22,5,0,2,0.66,0.96,0.95,0.711
17,3,0,3,0.66,0.72,0.74,0.63
2,2,1,0,0.66,0.83,0.85,0.794
20,2,0,4,0.59,0.87,0.81,0.667
0,2,1,1,0.82,0.92,0.67,0.839
14,2,1,0,0.62,0.85,0.68,0.714
22,3,1,3,0.81,0.91,0.89,0.796
22,2,0,0,0.65,0.62,0.79,0.599
0,0,0,5,0.59,0.78,0.94,0.749
22,2,1,0,0.6,0.65,0.75,0.635
2,0,0,4,0.75,0.93,0.77,0.801
7,3,0,4,0.81,0.88,0.72,0.753
14,5,1,1,0.95,0.95,0.65,0.812
24,2,0,0,0.69,0.69,0.66,0.599
17,0,1,4,0.67,0.93,0.95,0.813
22,1,0,0,0.97,0.8,0.87,0.773
19,0,0,4,0.82,0.69,0.8,0.7
24,5,1,3,0.61,0.96,0.77,0.703
6,3,0,2,0.67,0.69,0.73,0.659
2,1,1,0,0.79,0.65,0.9,0.797
22,0,1,2,0.59,0.95,0.68,0.725
7,3,1,3,0.95,0.96,0.79,0.883
5,1,0,1,0.97,0.87,0.92,0.861
21,4,1,2,0.91,0.7,0.79,0.738
20,5,1,5,0.6,0.91,0.72,0.689
22,2,1,3,0.68,0.63,0.74,0.651
25,1,1,4,0.63,0.67,0.73,0.644
8,4,0,1,0.8,0.95,0.89,0.793
13,2,1,5,0.84,0.75,0.89,0.795
20,2,0,3,0.82,0.9,0.72,0.727
12,3,0,0,0.98,0.8,0.98,0.815
18,1,0,4,0.63,0.66,0.77,0.623
11,3,0,1,0.96,0.7,0.9,0.766
16,4,1,0,0.71,0.95,0.83,0.777
7,0,1,5,0.62,0.92,0.95,0.829
14,0,1,1,0.88,0.86,0.81,0.837
18,4,0,4,0.78,0.79,0.97,0.722
6,2,0,1,0.89,0.85,0.81,0.797
21,3,0,5,0.58,0.82,0.88,0.651
24,3,0,4,0.87,0.95,0.76,0.743
24,3,1,0,0.89,0.93,0.81,0.803
8,1,1,1,0.65,0.8,0.8,0.76
10,3,0,1,0.71,0.73,0.98,0.72
19,1,0,3,0.56,0.67,0.81,0.609
17,4,0,5,0.6,0.76,0.85,0.638
0,4,0,3,0.65,0.64,0.77,0.658
25,4,0,0,0.67,0.77,0.79,0.623
25,1,1,0,0.89,0.88,0.8,0.799
18,3,1,2,0.86,0.68,0.73,0.723
0,4,1,3,0.92,0.82,0.65,0.819
5,3,0,2,0.68,0.74,0.72,0.678
17,0,0,2,0.89,0.91,0.96,0.825
4,3,0,2,0.83,0.91,0.96,0.826
5,3,1,2,0.78,0.67,0.79,0.751
6,3,0,2,0.74,0.73,0.76,0.698
1,3,1,5,0.82,0.78,0.73,0.798
10,0,1,2,0.57,0.83,0.97,0.781
3,3,0,4,0.95,0.87,0.82,0.825
12,3,0,1,0.58,0.6,0.83,0.605
5,5,1,3,0.75,0.74,0.69,0.727
8,4,1,1,0.65,0.87,0.77,0.75
20,5,1,0,0.6,0.83,0.84,0.689
12,3,1,0,0.56,0.97,0.98,0.79
22,1,0,3,0.94,0.81,0.74,0.741
5,3,0,0,0.96,0.89,0.94,0.851
3,0,1,2,0.55,0.67,0.75,0.706
12,4,0,1,0.7,0.7,0.95,0.687
16,0,1,3,0.92,0.81,0.94,0.854
24,5,1,3,0.65,0.75,0.82,0.662
13,1,1,1,0.79,0.81,0.78,0.784
20,4,1,5,0.71,0.77,0.67,0.678
24,3,1,5,0.71,0.64,0.88,0.676
25,0,1,2,0.78,0.79,0.95,0.778
21,4,1,0,0.71,0.94,0.87,0.766
24,5,0,1,0.61,0.62,0.83,0.563
10,5,1,5,0.67,0.79,0.72,0.707
4,3,0,5,0.58,0.77,0.74,0.665
7,3,1,4,0.7,0.77,0.76,0.745
21,4,1,2,0.62,0.6,0.86,0.635
8,5,1,0,0.95,0.76,0.92,0.829
18,4,1,3,0.67,0.65,0.97,0.697
25,5,1,1,0.59,0.61,0.69,0.573
9,1,1,1,0.89,0.86,0.9,0.867
6,1,1,5,0.81,0.97,0.86,0.878
2,0,1,4,0.74,0.74,0.86,0.809
23,3,0,4,0.56,0.66,0.88,0.59
19,0,0,5,0.72,0.76,0.92,0.715
2,1,1,1,0.92,0.91,0.79,0.892
19,2,0,0,0.6,0.63,0.71,0.581
17,2,1,5,0.82,0.79,0.9,0.79
12,2,0,4,0.67,0.79,0.67,0.665
11,3,1,4,0.81,0.64,0.81,0.735
4,5,1,0,0.78,0.84,0.73,0.777
20,4,1,4,0.71,0.82,0.88,0.735
18,1,0,4,0.88,0.87,0.87,0.781
19,2,0,4,0.57,0.75,0.73,0.612
16,5,1,3,0.82,0.61,0.93,0.72
18,4,0,2,0.71,0.6,0.9,0.63
2,3,0,3,0.78,0.94,0.65,0.764
13,2,1,4,0.84,0.82,0.91,0.82
13,3,0,4,0.66,0.6,0.96,0.652
6,3,1,4,0.77,0.93,0.82,0.829
22,5,0,5,0.97,0.73,0.65,0.675
21,2,0,0,0.73,0.87,0.89,0.721
14,1,1,4,0.83,0.78,0.72,0.772
9,2,1,4,0.92,0.96,0.94,0.905
17,3,0,1,0.97,0.64,0.84,0.719
15,2,0,2,0.94,0.91,0.9,0.818
12,1,0,0,0.72,0.91,0.92,0.775
6,2,0,2,0.94,0.72,0.81,0.773
24,0,0,3,0.92,0.96,0.66,0.766
4,1,1,0,0.55,0.9,0.73,0.759
20,1,1,5,0.93,0.92,0.96,0.872
10,1,1,2,0.64,0.71,0.86,0.735
25,5,1,1,0.73,0.71,0.76,0.659
7,2,1,5,0.73,0.93,0.85,0.828
24,1,1,3,0.82,0.6,0.85,0.708
11,3,0,0,0.93,0.89,0.72,0.778
21,0,0,4,0.67,0.65,0.91,0.658
22,0,1,5,0.69,0.82,0.97,0.774
11,5,1,5,0.7,0.8,0.83,0.738
6,3,0,0,0.78,0.78,0.65,0.703
18,3,0,4,0.75,0.74,0.73,0.658
0,1,0,1,0.63,0.7,0.67,0.675
14,3,0,1,0.92,0.83,0.89,0.781
6,0,1,0,0.74,0.76,0.84,0.798
13,5,0,3,0.72,0.93,0.97,0.754
25,2,0,0,0.83,0.88,0.71,0.705
20,4,0,5,0.81,0.74,0.73,0.661
8,4,1,3,0.91,0.87,0.69,0.812
5,5,1,0,0.87,0.92,0.83,0.845
25,2,1,3,0.95,0.78,0.82,0.783
16,3,0,3,0.83,0.75,0.95,0.736
17,1,0,4,0.67,0.77,0.79,0.675
7,0,0,4,0.75,0.67,0.87,0.727
21,2,1,1,0.96,0.84,0.71,0.795
4,3,0,1,0.63,0.78,0.8,0.695
14,2,1,3,0.58,0.67,0.81,0.674
14,2,0,5,0.6,0.68,0.74,0.619
24,0,1,4,0.65,0.92,0.81,0.753
14,1,1,5,0.81,0.81,0.83,0.797
3,5,0,0,0.65,0.83,0.78,0.698
23,5,1,3,0.55,0.64,0.96,0.631
24,3,0,1,0.86,0.85,0.93,0.744
6,3,1,1,0.61,0.68,0.9,0.722
6,2,0,0,0.59,0.95,0.67,0.709
0,4,0,0,0.68,0.9,0.95,0.781
0,2,1,5,0.79,0.72,0.69,0.774
12,4,1,3,0.77,0.62,0.68,0.68
16,4,0,3,0.74,0.87,0.94,0.734
4,5,1,4,0.69,0.96,0.79,0.798
20,4,1,2,0.81,0.69,0.95,0.74
7,0,0,3,0.92,0.9,0.7,0.813
8,1,1,3,0.61,0.82,0.78,0.75
2,1,0,5,0.63,0.93,0.7,0.743
5,1,1,5,0.71,0.92,0.96,0.856
16,3,0,2,0.86,0.68,0.69,0.672
16,4,1,1,0.85,0.96,0.77,0.81
5,1,0,4,0.56,0.65,0.72,0.632
0,1,1,4,0.7,0.94,0.94,0.872
19,1,1,2,0.83,0.61,0.77,0.714
1,5,0,4,0.56,0.96,0.96,0.753
8,0,0,0,0.85,0.73,0.83,0.763
8,4,1,1,0.68,0.87,0.88,0.781
17,0,0,2,0.81,0.65,0.85,0.701
0,5,0,3,0.8,0.74,0.72,0.714
17,1,1,4,0.59,0.78,0.75,0.696
5,0,1,0,0.59,0.73,0.76,0.731
13,5,0,4,0.6,0.77,0.73,0.622
13,1,0,0,0.89,0.67,0.9,0.746
7,3,0,2,0.97,0.69,0.82,0.764
24,5,1,5,0.77,0.88,0.96,0.765
3,2,1,2,0.73,0.62,0.98,0.774
12,0,0,3,0.78,0.68,0.85,0.718
14,1,1,0,0.69,0.92,0.65,0.758
2,4,1,1,0.93,0.8,0.66,0.811
1,3,1,3,0.92,0.93,0.73,0.873
10,5,1,2,0.62,0.89,0.8,0.738
12,3,1,4,0.91,0.62,0.82,0.758
22,4,1,2,0.77,0.85,0.71,0.721
18,0,1,0,0.63,0.81,0.74,0.72
5,2,1,1,0.98,0.61,0.95,0.834
8,4,1,0,0.94,0.65,0.74,0.765
8,0,1,4,0.77,0.64,0.7,0.736
17,0,1,2,0.85,0.76,0.68,0.762
1,3,1,1,0.73,0.91,0.94,0.852
9,3,0,3,0.96,0.97,0.77,0.828
23,1,1,1,0.61,0.76,0.68,0.662
8,0,0,4,0.91,0.74,0.91,0.8
25,2,1,5,0.65,0.61,0.84,0.646
17,1,1,3,0.58,0.83,0.67,0.692
2,5,0,3,0.89,0.62,0.88,0.731
10,4,0,4,0.93,0.64,0.86,0.726
9,1,1,3,0.61,0.6,0.74,0.673
19,1,1,0,0.65,0.73,0.89,0.72
3,4,1,5,0.8,0.88,0.85,0.831
13,0,0,1,0.78,0.92,0.88,0.793
12,2,0,0,0.68,0.62,0.97,0.677
1,2,0,3,0.91,0.91,0.85,0.846
1,5,0,2,0.94,0.77,0.74,0.766
17,5,0,3,0.86,0.91,0.82,0.747
0,3,1,4,0.59,0.92,0.79,0.786
15,0,1,5,0.56,0.86,0.97,0.77
2,1,0,0,0.82,0.94,0.73,0.809
12,2,0,5,0.69,0.77,0.83,0.697
7,4,0,2,0.9,0.7,0.94,0.761
16,1,1,3,0.74,0.9,0.87,0.804
21,4,1,5,0.65,0.9,0.81,0.724
16,2,1,3,0.8,0.84,0.84,0.79
12,5,1,2,0.57,0.62,0.98,0.671
9,3,1,1,0.98,0.67,0.72,0.784
17,1,1,0,0.61,0.72,0.94,0.722
25,2,0,2,0.56,0.89,0.91,0.667
2,4,1,4,0.9,0.7,0.87,0.814
0,2,0,0,0.78,0.71,0.86,0.752
10,5,0,0,0.97,0.93,0.7,0.785
5,0,1,2,0.72,0.61,0.97,0.776
21,4,1,5,0.56,0.83,0.7,0.654
19,0,1,2,0.91,0.91,0.87,0.857
17,2,1,2,0.79,0.89,0.82,0.795
25,3,0,5,0.79,0.93,0.85,0.728
5,4,0,0,0.65,0.93,0.8,0.734
1,4,0,4,0.95,0.73,0.89,0.795
4,5,0,3,0.7,0.87,0.75,0.716
14,5,0,1,0.79,0.65,0.94,0.682
19,2,0,4,0.6,0.68,0.78,0.61
3,5,0,4,0.72,0.66,0.9,0.692
19,2,0,4,0.8,0.97,0.78,0.757
22,4,0,2,0.71,0.95,0.8,0.701
0,1,1,4,0.55,0.91,0.92,0.814
17,3,1,0,0.75,0.87,0.73,0.75
8,4,0,0,0.66,0.92,0.95,0.754
14,5,0,4,0.63,0.64,0.68,0.579
21,0,1,0,0.57,0.93,0.66,0.712
21,3,1,4,0.81,0.83,0.83,0.763
25,5,1,5,0.81,0.87,0.76,0.731
10,2,0,0,0.9,0.93,0.67,0.783
11,1,0,3,0.79,0.8,0.73,0.728
23,4,1,0,0.62,0.89,0.83,0.709
9,3,0,4,0.64,0.71,0.96,0.692
14,3,1,5,0.88,0.61,0.7,0.715
9,4,1,4,0.97,0.78,0.86,0.834
14,2,1,0,0.79,0.64,0.71,0.708
10,0,0,1,0.82,0.86,0.94,0.809
3,3,0,4,0.72,0.62,0.7,0.657
14,1,0,2,0.81,0.89,0.88,0.781
22,2,0,2,0.94,0.82,0.97,0.782
21,0,1,1,0.68,0.73,0.7,0.693
11,3,1,1,0.85,0.79,0.77,0.784
4,0,1,1,0.76,0.96,0.72,0.847
24,4,0,5,0.57,0.87,0.82,0.633
10,1,0,3,0.81,0.87,0.66,0.744
16,3,0,5,0.91,0.69,0.94,0.74
3,0,1,4,0.66,0.86,0.68,0.782
8,0,0,1,0.7,0.86,0.75,0.741
5,3,1,2,0.85,0.89,0.66,0.812
24,3,1,5,0.9,0.72,0.94,0.769
2,0,1,4,0.56,0.82,0.77,0.761
5,2,0,3,0.56,0.63,0.78,0.63
11,4,1,0,0.93,0.89,0.7,0.816
6,4,0,1,0.68,0.7,0.76,0.663
4,4,1,3,0.9,0.83,0.85,0.842
20,0,1,5,0.69,0.78,0.93,0.76
11,0,1,1,0.64,0.65,0.98,0.746
13,3,0,3,0.71,0.8,0.9,0.715
21,3,0,3,0.71,0.94,0.96,0.742
8,0,1,1,0.67,0.81,0.97,0.811
11,2,1,4,0.8,0.84,0.9,0.819
18,1,0,3,0.74,0.85,0.78,0.715
0,5,0,3,0.69,0.84,0.85,0.737
6,3,0,3,0.6,0.67,0.67,0.62
0,4,0,4,0.72,0.96,0.7,0.761
19,5,0,5,0.66,0.81,0.69,0.624
10,2,1,4,0.9,0.66,0.86,0.79
25,1,1,1,0.95,0.75,0.88,0.794
7,5,0,0,0.57,0.66,0.7,0.594
9,2,0,5,0.6,0.9,0.91,0.735
5,0,0,5,0.67,0.83,0.83,0.749
17,2,0,3,0.65,0.88,0.76,0.688
20,0,0,3,0.61,0.82,0.72,0.656
21,5,0,0,0.64,0.63,0.87,0.593
13,3,0,5,0.59,0.88,0.74,0.671
1,3,0,4,0.82,0.92,0.86,0.816
20,1,1,4,0.62,0.89,0.96,0.77
9,2,1,5,0.69,0.91,0.81,0.795
25,1,1,5,0.9,0.88,0.85,0.812
8,1,0,1,0.59,0.76,0.74,0.668
21,3,1,3,0.63,0.91,0.8,0.727
5,4,1,0,0.76,0.7,0.9,0.768
8,5,1,2,0.65,0.62,0.87,0.687
2,3,1,3,0.56,0.79,0.72,0.717
14,2,0,5,0.92,0.72,0.69,0.717
8,4,1,0,0.81,0.65,0.84,0.746
22,4,0,4,0.56,0.75,0.8,0.596
21,0,1,3,0.73,0.67,0.83,0.716
23,0,1,5,0.69,0.7,0.76,0.692
15,5,1,4,0.9,0.76,0.95,0.796
4,1,0,4,0.76,0.65,0.8,0.711
0,0,0,0,0.78,0.71,0.75,0.747
16,0,0,2,0.62,0.74,0.69,0.643
23,0,1,1,0.9,0.96,0.92,0.865
24,4,1,3,0.76,0.88,0.71,0.721
20,5,1,4,0.96,0.62,0.98,0.762
15,2,1,4,0.68,0.91,0.94,0.798
7,4,0,1,0.85,0.67,0.71,0.691
19,4,1,2,0.76,0.93,0.86,0.782
21,5,0,3,0.86,0.62,0.81,0.644
19,0,1,0,0.8,0.61,0.85,0.73
12,3,0,5,0.68,0.61,0.88,0.648
8,2,0,0,0.57,0.95,0.79,0.721
25,4,1,1,0.58,0.83,0.75,0.656
11,3,0,3,0.71,0.78,0.81,0.697
2,5,0,2,0.69,0.65,0.97,0.698
17,3,1,2,0.75,0.81,0.8,0.746
15,3,1,2,0.78,0.86,0.79,0.775
2,1,1,2,0.87,0.67,0.89,0.825
6,1,0,2,0.79,0.62,0.89,0.723
15,4,1,0,0.91,0.71,0.86,0.775
0,0,0,5,0.96,0.72,0.89,0.832
23,4,0,3,0.72,0.95,0.95,0.731
13,1,1,1,0.67,0.89,0.7,0.756
4,3,1,2,0.97,0.76,0.94,0.869
17,4,0,0,0.82,0.88,0.88,0.746
10,2,0,3,0.62,0.65,0.91,0.663
23,0,1,5,0.91,0.64,0.71,0.73
0,0,0,3,0.74,0.7,0.97,0.776
8,4,1,0,0.86,0.76,0.72,0.77
16,5,1,1,0.97,0.6,0.73,0.722
21,3,1,3,0.88,0.77,0.85,0.77
25,1,1,2,0.56,0.69,0.9,0.663
18,1,1,3,0.98,0.72,0.78,0.798
6,2,1,3,0.6,0.95,0.87,0.802
21,1,0,0,0.9,0.75,0.73,0.713
11,5,1,2,0.57,0.71,0.87,0.68
22,0,1,3,0.81,0.72,0.71,0.728
17,3,0,0,0.75,0.79,0.77,0.684
3,2,0,2,0.91,0.96,0.76,0.836
18,3,0,5,0.92,0.78,0.72,0.719
2,5,0,0,0.95,0.72,0.94,0.791
18,2,0,2,0.82,0.75,0.67,0.678
12,5,1,5,0.84,0.95,0.91,0.837
5,0,0,4,0.62,0.94,0.72,0.745
9,4,1,5,0.66,0.95,0.97,0.814
0,3,0,2,0.73,0.64,0.87,0.71
23,4,0,3,0.71,0.78,0.67,0.621
23,1,1,3,0.62,0.67,0.7,0.642
7,3,1,2,0.93,0.97,0.66,0.854
3,5,0,1,0.74,0.96,0.74,0.756
20,2,1,5,0.82,0.91,0.87,0.81
12,3,1,2,0.71,0.9,0.74,0.766
1,5,0,0,0.83,0.8,0.96,0.786
4,1,1,5,0.59,0.86,0.67,0.747
25,4,1,4,0.87,0.96,0.79,0.79
0,3,1,0,0.72,0.82,0.86,0.809
8,4,1,5,0.82,0.74,0.97,0.802
14,3,1,3,0.61,0.93,0.81,0.752
6,0,0,1,0.87,0.9,0.92,0.845
10,4,0,4,0.9,0.63,0.82,0.706
20,1,1,0,0.98,0.91,0.95,0.882
7,0,0,4,0.6,0.81,0.73,0.696
13,4,1,0,0.87,0.89,0.8,0.811
4,3,0,1,0.59,0.64,0.78,0.637
16,2,0,3,0.89,0.9,0.9,0.797
12,2,0,4,0.8,0.63,0.86,0.694
5,4,0,4,0.97,0.78,0.78,0.781
14,3,1,0,0.79,0.73,0.86,0.756
4,5,1,0,0.79,0.9,0.76,0.804
6,5,0,2,0.61,0.91,0.89,0.722
25,0,0,3,0.78,0.63,0.78,0.646
14,5,1,3,0.83,0.81,0.89,0.782
8,2,1,3,0.97,0.64,0.71,0.782
12,0,0,0,0.57,0.76,0.72,0.653
16,1,0,4,0.87,0.86,0.88,0.783
1,1,1,3,0.71,0.78,0.94,0.823
8,1,0,0,0.88,0.73,0.86,0.77
9,1,1,1,0.64,0.76,0.7,0.722
2,1,0,2,0.91,0.69,0.65,0.745
13,0,1,5,0.96,0.73,0.92,0.848
2,2,0,0,0.74,0.8,0.74,0.737
7,4,0,2,0.75,0.81,0.82,0.725
2,3,1,0,0.9,0.76,0.88,0.842
19,0,0,1,0.76,0.81,0.96,0.75
8,3,1,5,0.83,0.65,0.72,0.736
19,3,1,0,0.83,0.88,0.67,0.759
6,4,0,5,0.63,0.71,0.71,0.641
13,2,1,0,0.58,0.63,0.66,0.635
5,1,1,1,0.88,0.61,0.86,0.794
15,4,1,4,0.56,0.97,0.92,0.76
24,2,0,3,0.92,0.89,0.95,0.786
9,1,1,1,0.61,0.78,0.74,0.727
7,2,0,3,0.78,0.93,0.79,0.781
2,3,0,4,0.98,0.7,0.74,0.77
14,2,1,3,0.89,0.65,0.67,0.733
22,2,0,4,0.59,0.8,0.79,0.635
9,2,0,3,0.81,0.85,0.78,0.757
12,1,0,0,0.79,0.95,0.87,0.798
18,1,1,4,0.69,0.7,0.69,0.687
10,5,1,2,0.74,0.92,0.92,0.807
4,0,0,4,0.89,0.68,0.69,0.746
23,4,0,4,0.64,0.66,0.9,0.61
24,3,1,4,0.94,0.73,0.98,0.792
25,2,1,1,0.58,0.77,0.75,0.655
11,3,0,2,0.9,0.73,0.92,0.761
9,1,1,1,0.79,0.78,0.69,0.771
5,1,1,0,0.82,0.69,0.74,0.776
10,0,1,1,0.84,0.73,0.74,0.786
16,4,0,0,0.62,0.68,0.73,0.599
21,0,0,3,0.74,0.76,0.72,0.674
0,4,1,0,0.57,0.63,0.86,0.699
19,5,1,1,0.78,0.63,0.8,0.678
0,2,1,1,0.56,0.81,0.94,0.782
9,4,0,0,0.71,0.95,0.84,0.753
17,0,1,3,0.61,0.66,0.93,0.71
8,2,1,4,0.87,0.94,0.81,0.862
0,1,0,5,0.64,0.76,0.82,0.726
15,4,0,3,0.73,0.87,0.66,0.679
16,2,1,1,0.79,0.83,0.66,0.748
16,0,0,5,0.91,0.64,0.98,0.758
3,5,1,3,0.58,0.69,0.94,0.717
11,2,0,1,0.55,0.67,0.85,0.633
18,1,0,1,0.61,0.84,0.79,0.675
11,4,0,3,0.74,0.66,0.97,0.694
12,3,1,4,0.88,0.97,0.93,0.876
21,0,0,2,0.76,0.86,0.96,0.758
15,3,0,4,0.69,0.77,0.67,0.647
10,0,0,2,0.78,0.92,0.68,0.763
16,1,1,5,0.97,0.93,0.77,0.862
13,0,1,5,0.8,0.74,0.81,0.781
19,2,0,0,0.94,0.95,0.7,0.777
7,3,0,3,0.79,0.79,0.68,0.712
14,5,1,0,0.6,0.82,0.79,0.696
21,3,0,0,0.93,0.71,0.69,0.685
11,3,0,0,0.9,0.89,0.78,0.781
17,5,0,0,0.59,0.76,0.84,0.625
23,4,1,0,0.7,0.84,0.66,0.684
10,0,1,2,0.77,0.76,0.88,0.802
5,3,1,0,0.63,0.75,0.73,0.718
22,4,1,4,0.72,0.71,0.82,0.686
23,1,0,4,0.6,0.69,0.7,0.592
20,5,0,5,0.72,0.89,0.93,0.711
13,4,1,1,0.7,0.84,0.94,0.773
14,1,0,2,0.66,0.91,0.96,0.758
2,4,0,5,0.56,0.94,0.74,0.708
21,1,0,4,0.66,0.85,0.92,0.709
19,2,1,0,0.66,0.72,0.96,0.726
10,4,0,2,0.69,0.66,0.98,0.684
10,4,0,5,0.59,0.71,0.78,0.629
14,5,0,3,0.59,0.82,0.71,0.627
19,2,0,0,0.94,0.87,0.93,0.799
14,1,1,3,0.93,0.97,0.67,0.849
2,2,1,1,0.71,0.9,0.84,0.828
25,4,1,5,0.72,0.78,0.86,0.705
20,1,1,2,0.64,0.91,0.84,0.758
6,3,1,5,0.78,0.81,0.66,0.764
8,4,0,0,0.57,0.81,0.87,0.678
24,4,1,0,0.97,0.79,0.85,0.785
20,4,1,3,0.86,0.69,0.84,0.733
11,5,0,0,0.58,0.6,0.83,0.592
11,4,0,0,0.76,0.71,0.79,0.679
13,2,1,0,0.88,0.65,0.85,0.769
14,4,1,0,0.77,0.94,0.94,0.821
14,4,1,1,0.97,0.8,0.88,0.827
9,1,1,0,0.71,0.89,0.91,0.824
24,1,0,2,0.82,0.91,0.78,0.737
25,0,0,0,0.84,0.94,0.89,0.779
25,4,1,3,0.86,0.82,0.86,0.759
21,0,0,1,0.83,0.85,0.88,0.76
14,1,1,0,0.68,0.87,0.77,0.764
13,2,1,4,0.75,0.84,0.67,0.751
10,3,0,2,0.63,0.9,0.72,0.695
21,0,1,2,0.74,0.73,0.69,0.709
2,0,0,3,0.55,0.83,0.81,0.719
11,5,0,2,0.72,0.62,0.77,0.628
10,2,0,0,0.93,0.64,0.88,0.747
9,4,1,4,0.64,0.61,0.97,0.706
2,0,1,3,0.64,0.8,0.83,0.791
2,5,0,2,0.9,0.73,0.91,0.773
9,2,0,1,0.88,0.64,0.79,0.717
13,4,0,1,0.92,0.8,0.87,0.763
23,0,1,0,0.84,0.74,0.89,0.775
9,0,1,0,0.61,0.83,0.85,0.772
9,2,0,3,0.71,0.75,0.9,0.721
1,3,0,0,0.73,0.79,0.78,0.734
4,5,0,0,0.56,0.79,0.84,0.668
19,4,1,2,0.74,0.86,0.96,0.775
15,2,0,1,0.64,0.95,0.67,0.694
15,3,0,4,0.82,0.63,0.84,0.678
20,2,0,5,0.68,0.78,0.74,0.653
8,0,0,4,0.57,0.75,0.88,0.695
15,3,0,0,0.97,0.65,0.76,0.713
3,4,1,3,0.65,0.69,0.93,0.745
13,0,1,0,0.89,0.75,0.96,0.841
14,5,0,4,0.75,0.62,0.81,0.635
3,3,0,0,0.66,0.69,0.68,0.656
14,5,0,0,0.98,0.65,0.76,0.703
4,1,1,1,0.77,0.82,0.86,0.827
22,4,0,3,0.91,0.8,0.81,0.718
14,2,0,1,0.69,0.93,0.72,0.717
2,5,1,5,0.88,0.77,0.93,0.833
19,3,1,0,0.67,0.77,0.92,0.728
8,4,0,3,0.84,0.84,0.72,0.738
4,3,1,1,0.84,0.82,0.75,0.81
5,2,1,3,0.86,0.82,0.67,0.805
6,4,0,2,0.84,0.72,0.68,0.701
5,5,1,5,0.89,0.72,0.8,0.785
13,1,0,5,0.93,0.64,0.76,0.721
20,4,1,3,0.93,0.92,0.93,0.841
22,1,1,3,0.57,0.96,0.69,0.715
4,3,0,4,0.83,0.77,0.75,0.742
14,5,1,4,0.92,0.88,0.82,0.816
2,4,0,2,0.88,0.8,0.7,0.754
4,1,1,3,0.8,0.9,0.71,0.83
25,1,1,2,0.68,0.63,0.73,0.647
2,3,1,2,0.73,0.61,0.86,0.742
13,5,1,3,0.55,0.76,0.82,0.672
21,1,0,1,0.97,0.67,0.95,0.754
19,5,0,5,0.66,0.72,0.84,0.627
25,1,0,5,0.96,0.91,0.74,0.767
23,1,1,1,0.97,0.78,0.67,0.774
13,5,1,0,0.67,0.79,0.93,0.739
15,1,1,4,0.95,0.6,0.85,0.777
12,5,1,4,0.82,0.92,0.9,0.82
10,4,1,0,0.86,0.94,0.73,0.819
20,5,0,5,0.58,0.8,0.78,0.612
0,1,0,5,0.66,0.64,0.97,0.726
1,2,1,1,0.59,0.8,0.92,0.781
3,3,1,5,0.97,0.74,0.94,0.866
8,5,1,5,0.57,0.84,0.69,0.693
20,2,0,2,0.95,0.73,0.91,0.753
4,0,0,5,0.81,0.61,0.71,0.705
4,3,0,2,0.89,0.92,0.88,0.831
15,4,1,4,0.9,0.84,0.65,0.769
13,4,1,2,0.6,0.66,0.91,0.683
18,0,0,5,0.81,0.85,0.87,0.762
21,5,0,5,0.83,0.73,0.67,0.64
1,5,1,3,0.71,0.81,0.71,0.753
14,4,0,3,0.62,0.74,0.68,0.614
16,5,0,2,0.95,0.6,0.85,0.69
20,2,1,1,0.64,0.61,0.77,0.646
17,1,0,2,0.77,0.6,0.97,0.69
13,3,1,3,0.96,0.69,0.97,0.821
2,4,1,5,0.76,0.85,0.92,0.827
12,3,1,0,0.85,0.92,0.89,0.844
2,4,1,1,0.95,0.82,0.77,0.845
16,0,0,2,0.94,0.6,0.69,0.697
21,0,1,4,0.84,0.69,0.94,0.777
0,2,1,0,0.59,0.64,0.67,0.686
14,1,1,3,0.93,0.71,0.81,0.799
12,3,0,3,0.89,0.79,0.82,0.753
0,1,0,0,0.74,0.96,0.87,0.826
10,4,1,1,0.6,0.67,0.84,0.682
25,5,1,2,0.82,0.81,0.95,0.754
10,2,1,3,0.88,0.96,0.82,0.866
12,2,1,5,0.76,0.72,0.91,0.769
13,5,0,2,0.79,0.72,0.98,0.714
22,1,1,0,0.78,0.78,0.89,0.764
4,5,1,1,0.57,0.79,0.78,0.709
16,3,1,3,0.85,0.89,0.92,0.828
21,0,0,3,0.68,0.64,0.83,0.642
18,0,1,2,0.97,0.91,0.95,0.894
5,0,0,1,0.94,0.73,0.8,0.794
15,5,0,0,0.74,0.86,0.73,0.684
6,5,1,1,0.77,0.86,0.78,0.783
9,4,0,2,0.7,0.79,0.88,0.71
10,3,1,3,0.93,0.62,0.89,0.785
3,0,1,3,0.97,0.92,0.81,0.919
21,0,1,0,0.7,0.84,0.92,0.776
3,4,0,3,0.89,0.79,0.8,0.771
17,5,0,2,0.56,0.75,0.72,0.589
10,5,1,0,0.63,0.81,0.68,0.693
3,4,0,0,0.79,0.8,0.69,0.722
14,4,1,5,0.77,0.84,0.84,0.771
7,3,0,5,0.69,0.93,0.96,0.78
24,3,1,1,0.92,0.92,0.76,0.799
17,2,0,0,0.85,0.84,0.73,0.73
7,0,1,0,0.63,0.92,0.96,0.834
21,4,0,1,0.91,0.64,0.79,0.67
18,0,1,4,0.66,0.64,0.8,0.69
18,1,0,2,0.74,0.63,0.82,0.657
11,5,1,1,0.92,0.84,0.77,0.804
13,0,1,3,0.84,0.82,0.96,0.847
10,2,1,2,0.58,0.63,0.71,0.655
13,0,0,3,0.97,0.73,0.82,0.781
24,0,0,0,0.61,0.73,0.87,0.646
8,5,1,2,0.97,0.87,0.74,0.832
17,2,0,2,0.68,0.71,0.7,0.634
11,5,1,2,0.93,0.77,0.73,0.778
16,1,0,2,0.74,0.86,0.77,0.722
13,4,1,5,0.97,0.6,0.74,0.742
24,0,1,3,0.78,0.6,0.71,0.676
23,0,0,1,0.98,0.7,0.83,0.743
14,2,0,5,0.58,0.68,0.92,0.649
14,5,0,4,0.87,0.75,0.89,0.726
16,1,0,0,0.91,0.85,0.84,0.784
14,2,0,5,0.84,0.65,0.93,0.72
1,4,1,1,0.85,0.64,0.65,0.74
25,4,0,1,0.72,0.91,0.86,0.694
10,3,1,2,0.72,0.67,0.85,0.729
25,3,0,4,0.93,0.66,0.69,0.657
11,2,1,1,0.94,0.67,0.67,0.764
17,5,0,5,0.55,0.67,0.89,0.596
20,2,1,1,0.78,0.86,0.94,0.797
3,1,1,5,0.61,0.71,0.94,0.766
6,1,1,0,0.7,0.74,0.86,0.776
22,0,0,5,0.6,0.71,0.96,0.662
12,0,0,5,0.89,0.8,0.85,0.787
6,4,0,1,0.68,0.62,0.86,0.659
12,1,1,4,0.63,0.87,0.65,0.732
8,0,1,5,0.85,0.73,0.75,0.797
7,3,0,1,0.78,0.6,0.94,0.704
17,3,0,2,0.96,0.88,0.68,0.756
21,1,0,5,0.77,0.72,0.86,0.691
6,2,0,5,0.63,0.91,0.65,0.705
9,3,0,0,0.68,0.87,0.66,0.692
9,1,0,2,0.82,0.96,0.84,0.814
24,5,0,1,0.95,0.75,0.67,0.672
11,0,0,3,0.91,0.88,0.72,0.794
2,0,1,2,0.65,0.71,0.85,0.771
