source,target,program,diff_count,semantic_issues,compile_success,risk_score,token_similarity,ast_similarity,structure_similarity,behaviour_score,correct
python,java,sum_two,13,1,1,0,0.028,0.875,0.75,100.0,1
python,c,sum_two,12,2,0,1,0.022,0.625,0.567,0.0,0
python,c++,sum_two,23,0,1,0,0.052,0.375,0.367,100.0,1
python,java,max_of_three,32,1,1,0,0.169,0.9,0.847,100.0,1
python,c,max_of_three,31,2,0,1,0.011,0.65,0.66,0.0,0
python,c++,max_of_three,42,0,1,0,0.16,0.4,0.46,100.0,1
python,java,factorial,18,1,1,0,0.202,0.812,0.77,100.0,1
python,c,factorial,17,2,1,0,0.025,0.562,0.6,33.33,0
python,c++,factorial,19,0,1,0,0.223,0.562,0.6,100.0,1
python,java,classify_grade,26,1,1,0,0.205,0.708,0.667,100.0,1
python,c,classify_grade,25,2,1,0,0.387,0.458,0.567,25.0,0
python,c++,classify_grade,27,0,1,0,0.213,0.458,0.567,100.0,1
python,java,count_down,18,1,1,0,0.155,0.875,0.833,100.0,1
python,c,count_down,17,2,1,0,0.058,0.625,0.7,0.0,0
python,c++,count_down,19,0,1,0,0.162,0.625,0.7,100.0,1
python,java,sum_list,18,1,1,0,0.084,0.812,0.77,100.0,1
python,c,sum_list,17,2,1,0,0.02,0.562,0.6,33.33,0
python,c++,sum_list,19,0,1,0,0.168,0.562,0.6,100.0,1
python,java,gcd,26,1,1,0,0.13,0.875,0.84,100.0,1
python,c,gcd,25,2,0,1,0.023,0.625,0.656,0.0,0
python,c++,gcd,36,0,1,0,0.114,0.5,0.556,100.0,1
python,java,average_function,30,1,0,1,0.104,0.875,0.833,0.0,0
python,c,average_function,31,2,0,1,0.098,0.675,0.64,0.0,0
python,c++,average_function,31,0,0,1,0.169,0.683,0.707,0.0,0
python,java,power_function,25,1,0,1,0.026,0.9,0.806,0.0,0
python,c,power_function,24,2,0,1,0.039,0.75,0.7,0.0,0
python,c++,power_function,35,0,1,0,0.023,0.588,0.57,100.0,1
python,java,counter_class,33,1,0,1,0.127,0.917,0.893,0.0,0
python,c,counter_class,31,2,0,1,0.052,0.732,0.786,0.0,0
python,c++,counter_class,35,0,0,1,0.148,0.75,0.8,0.0,0
java,python,sum_two,19,0,1,0,0.486,0.75,0.75,0.0,0
java,c,sum_two,24,0,0,1,0.207,0.65,0.72,0.0,0
java,c++,sum_two,24,0,0,1,0.483,0.667,0.733,0.0,0
java,python,square_function,22,0,1,0,0.136,0.75,0.7,0.0,0
java,c,square_function,27,0,0,1,0.107,0.775,0.82,0.0,0
java,c++,square_function,23,0,0,1,0.308,0.812,0.85,0.0,0
java,python,factorial,24,0,1,0,0.054,0.625,0.7,0.0,0
java,c,factorial,29,0,0,1,0.356,0.643,0.681,0.0,0
java,c++,factorial,24,0,0,1,0.474,0.688,0.71,0.0,0
java,python,grade_branches,28,0,1,0,0.045,0.938,0.883,0.0,0
java,c,grade_branches,32,0,0,1,0.306,0.625,0.7,0.0,0
java,c++,grade_branches,26,0,0,1,0.5,0.75,0.8,0.0,0
java,python,while_countdown,24,0,1,0,0.057,0.75,0.75,0.0,0
java,c,while_countdown,28,0,0,1,0.283,0.625,0.7,0.0,0
java,c++,while_countdown,22,0,0,1,0.404,0.667,0.733,0.0,0
java,python,gcd,31,0,1,0,0.027,0.7,0.727,0.0,0
java,c,gcd,35,0,0,1,0.309,0.804,0.843,0.0,0
java,c++,gcd,23,0,0,1,0.653,0.833,0.867,0.0,0
java,python,accumulator_class,38,0,1,0,0.033,0.65,0.68,0.0,0
java,c,accumulator_class,47,0,0,1,0.143,0.781,0.825,0.0,0
java,c++,accumulator_class,47,0,0,1,0.268,0.833,0.867,0.0,0
java,python,nested_loop,27,0,1,0,0.046,0.6,0.647,0.0,0
java,c,nested_loop,32,0,0,1,0.351,0.639,0.661,0.0,0
java,c++,nested_loop,26,0,0,1,0.342,0.65,0.653,0.0,0
java,python,absolute_value,27,0,1,0,0.059,0.875,0.8,0.0,0
java,c,absolute_value,31,0,0,1,0.067,0.817,0.853,0.0,0
java,c++,absolute_value,23,0,0,1,0.257,0.854,0.883,0.0,0
java,python,sum_to_n,24,0,1,0,0.056,0.625,0.7,0.0,0
java,c,sum_to_n,29,0,0,1,0.296,0.643,0.681,0.0,0
java,c++,sum_to_n,24,0,0,1,0.533,0.688,0.71,0.0,0
c,python,sum_two,12,0,1,0,0.667,0.875,0.7,0.0,0
c,java,sum_two,18,0,0,1,0.247,0.917,0.733,0.0,0
c,c++,sum_two,8,0,1,0,0.651,1.0,1.0,100.0,1
c,python,square_function,19,0,1,0,0.733,0.875,0.7,0.0,0
c,java,square_function,25,0,0,1,0.321,0.95,0.76,0.0,0
c,c++,square_function,9,0,1,0,0.756,1.0,1.0,100.0,1
c,python,factorial,19,0,1,0,0.72,0.875,0.9,0.0,0
c,java,factorial,24,0,0,1,0.391,0.85,0.83,0.0,0
c,c++,factorial,8,0,1,0,0.781,1.0,1.0,100.0,1
c,python,grade_branches,23,0,1,0,0.754,0.75,0.6,0.0,0
c,java,grade_branches,28,0,0,1,0.327,0.917,0.733,0.0,0
c,c++,grade_branches,16,0,0,1,0.489,0.917,0.933,0.0,0
c,python,while_countdown,19,0,1,0,0.743,0.875,0.8,0.0,0
c,java,while_countdown,24,0,0,1,0.242,0.917,0.833,0.0,0
c,c++,while_countdown,10,0,1,0,0.736,1.0,1.0,100.0,1
c,python,gcd,30,0,1,0,0.469,0.833,0.8,0.0,0
c,java,gcd,35,0,0,1,0.506,0.964,0.905,0.0,0
c,c++,gcd,9,0,0,1,0.752,1.0,1.0,0.0,0
c,python,nested_loop,22,0,1,0,0.684,0.875,0.85,0.0,0
c,java,nested_loop,26,0,0,1,0.508,0.833,0.827,0.0,0
c,c++,nested_loop,8,0,1,0,0.24,1.0,1.0,100.0,1
c,python,absolute_value,24,0,1,0,0.756,0.875,0.7,0.0,0
c,java,absolute_value,29,0,0,1,0.17,0.95,0.76,0.0,0
c,c++,absolute_value,9,0,1,0,0.139,1.0,1.0,100.0,1
c,python,power_function,28,0,1,0,0.034,0.821,0.807,0.0,0
c,java,power_function,33,0,0,1,0.462,0.944,0.876,0.0,0
c,c++,power_function,9,0,0,1,0.781,1.0,1.0,0.0,0
c,python,sum_to_n,19,0,1,0,0.701,0.875,0.9,0.0,0
c,java,sum_to_n,24,0,0,1,0.366,0.85,0.83,0.0,0
c,c++,sum_to_n,8,0,1,0,0.768,1.0,1.0,100.0,1
c++,python,sum_two,13,0,1,0,0.441,0.875,0.7,0.0,0
c++,java,sum_two,19,0,0,1,0.076,0.917,0.733,0.0,0
c++,c,sum_two,10,0,1,0,0.662,1.0,1.0,100.0,1
c++,python,square_function,19,0,1,0,0.6,0.875,0.7,0.0,0
c++,java,square_function,25,0,0,1,0.017,0.95,0.76,0.0,0
c++,c,square_function,9,0,1,0,0.756,1.0,1.0,100.0,1
c++,python,factorial,19,0,1,0,0.609,0.812,0.85,0.0,0
c++,java,factorial,24,0,0,1,0.341,0.95,0.91,0.0,0
c++,c,factorial,8,0,1,0,0.813,1.0,1.0,100.0,1
c++,python,grade_branches,23,0,1,0,0.576,0.75,0.6,0.0,0
c++,java,grade_branches,28,0,0,1,0.229,0.917,0.733,0.0,0
c++,c,grade_branches,16,0,0,1,0.45,0.917,0.933,0.0,0
c++,python,while_countdown,19,0,1,0,0.578,0.875,0.8,0.0,0
c++,java,while_countdown,24,0,0,1,0.186,0.917,0.833,0.0,0
c++,c,while_countdown,10,0,1,0,0.714,1.0,1.0,100.0,1
c++,python,gcd,29,0,1,0,0.647,0.833,0.827,0.0,0
c++,java,gcd,34,0,0,1,0.338,0.964,0.931,0.0,0
c++,c,gcd,11,0,1,0,0.676,1.0,1.0,100.0,1
c++,python,nested_loop,22,0,1,0,0.591,0.8,0.79,0.0,0
c++,java,nested_loop,26,0,0,1,0.022,0.958,0.927,0.0,0
c++,c,nested_loop,8,0,1,0,0.067,1.0,1.0,100.0,1
c++,python,absolute_value,24,0,1,0,0.653,0.875,0.7,0.0,0
c++,java,absolute_value,29,0,0,1,0.021,0.95,0.76,0.0,0
c++,c,absolute_value,9,0,1,0,0.807,1.0,1.0,100.0,1
c++,python,power_function,27,0,1,0,0.654,0.821,0.857,0.0,0
c++,java,power_function,32,0,0,1,0.452,0.969,0.925,0.0,0
c++,c,power_function,11,0,1,0,0.777,1.0,1.0,100.0,1
c++,python,sum_to_n,19,0,1,0,0.582,0.812,0.85,0.0,0
c++,java,sum_to_n,24,0,0,1,0.313,0.95,0.91,0.0,0
c++,c,sum_to_n,8,0,1,0,0.802,1.0,1.0,100.0,1
